Air_ mass,Mag
1.182092086,-14.76
1.211283215,-14.78
1.244460773,-14.77
1.282097518,-14.69
1.428174876,-14.30
1.490827477,-14.32
1.562451529,-14.23